{
    "Yamaha": [
        "YZF-R1",
        "YZF-R6",
        "YZF-R3",
        "MT-09",
        "MT-07",
        "MT-03",
        "MT-10",
        "MT-125",
        "MT-25",
        "XSR900",
        "XSR700",
        "FJR1300",
        "FZS1000",
        "FZ-09",
        "FZ-07",
        "FZ-03",
        "FZ-1",
        "FZ6",
        "YZF600R",
        "YZF750R",
        "R1",
        "R6",
        "R3",
        "FZ8",
        "Fazer",
        "Tracer",
        "Ténéré",
        "XTZ",
        "WR250F",
        "WR450F",
        "YZ250F",
        "YZ450F",
        "YZ125",
        "YZ250",
        "YZ450",
        "PW50",
        "TT-R",
        "DT",
        "RD",
        "XS650",
        "SR400",
        "SR500",
        "V-Star",
        "Virago",
        "Road Star",
        "Stratoliner",
        "YZF-R7",
        "YZF-R9"
    ],
    "KTM": [
        "1290 Super Duke R",
        "1290 Super Duke GT",
        "790 Duke",
        "890 Duke R",
        "690 Duke",
        "390 Duke",
        "125 Duke",
        "200 Duke",
        "250 Duke",
        "RC 390",
        "RC 125",
        "RC 200",
        "RC 16",
        "RC8",
        "RC8C",
        "1190 RC8",
        "1090 Adventure",
        "1050 Adventure",
        "790 Adventure",
        "890 Adventure",
        "950 Adventure",
        "990 Adventure",
        "690 Enduro",
        "690 SMC",
        "525 EXC",
        "450 EXC",
        "250 EXC",
        "125 EXC",
        "300 EXC",
        "250 SX",
        "125 SX",
        "450 SX-F",
        "350 SX-F",
        "250 SX-F",
        "150 SX",
        "85 SX",
        "65 SX",
        "50 SX",
        "Freeride",
        "XC-W"
    ],
    "Suzuki": [
        "GSX-R1000",
        "GSX-R750",
        "GSX-R600",
        "GSX-R125",
        "GSX-S1000",
        "GSX-S750",
        "GSX-S125",
        "GSX250R",
        "GSX400",
        "GSX600F",
        "GSX750F",
        "GSX8S",
        "SV650",
        "DL650",
        "DL1000",
        "VL800",
        "VL1500",
        "M109R",
        "Boulevard",
        "Intruder",
        "Hayabusa",
        "Bandit",
        "GSF1200",
        "GSF600",
        "GS500",
        "GN250",
        "DR-Z400",
        "DR650",
        "RM-Z250",
        "RM-Z450",
        "RM125",
        "RM250",
        "RM85",
        "DR200",
        "DR350",
        "Katana",
        "GSX-RR",
        "V-Strom",
        "Burgman",
        "Address"
    ],
    "Honda": [
        "CBR1000RR",
        "CBR600RR",
        "CBR500R",
        "CBR650R",
        "CBR300R",
        "CB650R",
        "CB600F",
        "CB300R",
        "CB125R",
        "CB1000R",
        "NC750X",
        "NC750S",
        "NC750D",
        "CMX500",
        "CMX1100",
        "Rebel",
        "Shadow",
        "VTX1300",
        "VTX1800",
        "Gold Wing",
        "GL1800",
        "F6B",
        "FJS600",
        "NSS250",
        "NSS300",
        "PCX",
        "SH125",
        "SH300",
        "Forza",
        "Dio",
        "Vision",
        "Lead",
        "Zoomer",
        "Activa",
        "CRF450R",
        "CRF250R",
        "CRF150R",
        "CRF110F",
        "XR650L",
        "XR400R",
        "XL600V",
        "NX650",
        "CB400SF",
        "CB750",
        "CB900F",
        "VFR800",
        "VFR1200F",
        "ST1300",
        "NT700V",
        "CTX700",
        "CTX700N",
        "CRF1000L",
        "Africa Twin"
    ],
    "Kawasaki": [
        "Ninja ZX-10R",
        "Ninja ZX-6R",
        "Ninja ZX-4RR",
        "Ninja ZX-25R",
        "Ninja 400",
        "Ninja 650",
        "Ninja 1000",
        "Ninja H2",
        "Ninja H2R",
        "Ninja H2 SX",
        "Z900",
        "Z650",
        "Z400",
        "Z H2",
        "Versys 1000",
        "Versys 650",
        "Versys-X 300",
        "W800",
        "Vulcan S",
        "Vulcan 900",
        "VN900",
        "VN1700",
        "VN2000",
        "KLX450",
        "KLX250",
        "KLX140",
        "KLX110",
        "KX450",
        "KX250",
        "KX125",
        "KX85",
        "KX65",
        "KX60",
        "KDX200",
        "KDX220",
        "EX650",
        "ER-6n",
        "ER-6f",
        "Concours",
        "GTR1400",
        "ZZR1400",
        "ZZR600",
        "ZX-12R",
        "ZX-14",
        "ZX-9R",
        "GPz500S",
        "GPz750R",
        "GPz1100"
    ],
    "BMW": [
        "S1000RR",
        "S1000R",
        "S1000XR",
        "R1250GS",
        "R1250RS",
        "R1250RT",
        "R1250R",
        "F900GS",
        "F900XR",
        "F850GS",
        "F750GS",
        "G310GS",
        "G310R",
        "R nineT",
        "R18",
        "K1600GT",
        "K1600GTL",
        "K1600B",
        "F800GS",
        "F800GT",
        "F800R",
        "F700GS",
        "F650GS",
        "F650CS",
        "R1200GS",
        "R1200RT",
        "R1200R",
        "R1200S",
        "HP2",
        "K1200GT",
        "K1200S",
        "K1200R",
        "R1150GS",
        "R1150RT",
        "R1150R",
        "R1100GS",
        "R1100RT",
        "R1100RS",
        "K1100LT",
        "Boxer",
        "R80",
        "R100",
        "Airhead",
        "Classic"
    ],
    "Ducati": [
        "Panigale V4",
        "Panigale V4 S",
        "Panigale V4 R",
        "Panigale V2",
        "Panigale 959",
        "Panigale 1199",
        "Panigale 899",
        "Multistrada 1260",
        "Multistrada 950",
        "Multistrada 620",
        "Multistrada V2",
        "Diavel 1260",
        "Diavel 1200",
        "Diavel 1100",
        "XDiavel",
        "Streetfighter V4",
        "Streetfighter V2",
        "Streetfighter 848",
        "Monster 1200",
        "Monster 1100",
        "Monster 821",
        "Monster 797",
        "Monster 696",
        "Scrambler 1100",
        "Scrambler 800",
        "Scrambler 400",
        "Hypermotard 950",
        "Hypermotard 939",
        "Hypermotard 821",
        "Supersport 950",
        "Supersport 939",
        "848",
        "1098",
        "1198",
        "1299",
        "899",
        "Monster S4R",
        "Monster S2R",
        "SportClassic",
        "PaulSmart",
        "GT1000",
        "ST4",
        "ST3",
        "ST2"
    ],
    "Triumph": [
        "Daytona 675",
        "Daytona 765",
        "Street Triple",
        "Street Triple R",
        "Street Triple RS",
        "Speed Triple",
        "Speed Triple 1200",
        "Tiger 1200",
        "Tiger 900",
        "Tiger 800",
        "Tiger Sport",
        "Explorer",
        "Bonneville",
        "Bobber",
        "Scrambler",
        "Thruxton",
        "America",
        "Rocket III",
        "Sprint",
        "Trophy",
        "Adventurer",
        "Legend",
        "Trident",
        "Triple",
        "TT600",
        "Daytona 600",
        "Speed Four",
        "Storm",
        "Tiger 955i",
        "Tiger 1050",
        "Bonneville T100",
        "Bonneville T120",
        "Bonneville Speedmaster",
        "Bonneville Bobber"
    ],
    "Harley-Davidson": [
        "Fat Boy",
        "Softail",
        "Sportster",
        "Dyna",
        "Touring",
        "CVO",
        "Street",
        "LiveWire",
        "Pan America",
        "Road King",
        "Street Glide",
        "Electra Glide",
        "Ultra Limited",
        "Heritage Classic",
        "Fat Bob",
        "Low Rider",
        "Breakout",
        "Iron 883",
        "Forty-Eight",
        "Seventy-Two",
        "1200 Custom",
        "883 Iron",
        "Nightster",
        "Sportster S",
        "FXDR",
        "FXBB",
        "FXBBS",
        "FLHX",
        "FLHTK",
        "FLHR",
        "FLHXS",
        "FXSB",
        "FXST",
        "XL883N",
        "XL1200C",
        "XL1200V",
        "XL1200X",
        "XR1200",
        "VRSC",
        "V-Rod"
    ],
    "Aprilia": [
        "RSV4",
        "Tuono V4",
        "Dorsoduro 900",
        "Dorsoduro 750",
        "Shiver 900",
        "Shiver 750",
        "Caponord 1200",
        "Caponord 1000",
        "Mana 850",
        "Scarabeo",
        "SR",
        "Atlantic",
        "Leonardo",
        "Pegaso",
        "ETX",
        "MXV",
        "SXV",
        "TX",
        "RX",
        "SX",
        "RS4",
        "RS",
        "AF1",
        "Tuono",
        "SL",
        "SMV",
        "Euroriders",
        "Nexus",
        "Storm"
    ],
    "MV Agusta": [
        "F4",
        "F3",
        "Brutale",
        "Dragster",
        "Turismo Veloce",
        "Stradale",
        "Rush",
        "Superveloce",
        "Rivale",
        "F4 R",
        "F4 RR",
        "F4 RC",
        "F3 800",
        "F3 675",
        "Brutale 1000",
        "Brutale 800",
        "Brutale 675",
        "Dragster 800",
        "Dragster 125",
        "Turismo Veloce 800",
        "Superveloce 800",
        "Rivale 800",
        "F4 1000",
        "F4 750",
        "F4 312",
        "Cagiva",
        "Lucky Explorer",
        "Magello"
    ],
    "Husqvarna": [
        "Vitpilen",
        "Svartpilen",
        "KTM",
        "TE",
        "FE",
        "TX",
        "FX",
        "TC",
        "FC",
        "EXC",
        "SX",
        "SMR",
        "SM",
        "TR",
        "WR",
        "CR",
        "WR 125",
        "WR 250",
        "WR 300",
        "WR 360",
        "TE 125",
        "TE 250",
        "TE 300",
        "TE 350",
        "TE 449",
        "TE 511",
        "TE 630",
        "FE 250",
        "FE 350",
        "FE 450",
        "FE 501",
        "FE 550",
        "Vitpilen 401",
        "Vitpilen 701",
        "Svartpilen 125",
        "Svartpilen 401",
        "Svartpilen 701"
    ],
    "Moto Guzzi": [
        "V7",
        "V9",
        "California",
        "Eldorado",
        "Audace",
        "V85",
        "Griso",
        "Stelvio",
        "Breva",
        "Norge",
        "Bellagio",
        "Cardelino",
        "Centauro",
        "Le Mans",
        "Sport",
        "Quota",
        "Alce",
        "Falcone",
        "T3",
        "T5",
        "Convert",
        "V35",
        "V50",
        "V65",
        "V75",
        "NTX",
        "Nevada",
        "Daytona",
        "8V",
        "1000 SP",
        "1100 Sport",
        "Griso 8V",
        "Griso 1200",
        "Stelvio 1200",
        "Breva 750",
        "Breva 1100",
        "Norge 1200",
        "V7 Classic",
        "V7 Stone",
        "V7 Special",
        "V9 Roamer",
        "V9 Bobber",
        "California Touring",
        "Eldorado Touring"
    ]
}
