{
  "conditions": {
    "perfect": {
      "label": "Perfekt",
      "color": "#28a745",
      "description": "Som ny",
      "order": 1
    },
    "good": {
      "label": "Bra",
      "color": "#ffc107",
      "description": "Lett brukt",
      "order": 2
    },
    "fair": {
      "label": "Middels",
      "color": "#fd7e14",
      "description": "Brukt",
      "order": 3
    },
    "poor": {
      "label": "Dårlig",
      "color": "#dc3545",
      "description": "Mye brukt/skadet",
      "order": 4
    }
  },
  "condition_mapping": {
    "by_order": {
      "1": "perfect",
      "2": "good",
      "3": "fair",
      "4": "poor"
    },
    "by_label": {
      "Perfekt": "perfect",
      "Bra": "good",
      "Middels": "fair",
      "Dårlig": "poor"
    },
    "by_color": {
      "#28a745": "perfect",
      "#ffc107": "good",
      "#fd7e14": "fair",
      "#dc3545": "poor"
    }
  },
  "motorcycle_parts": {
    "Motor_og_drivverk": {
      "label_nb": "Motor og drivverk",
      "label_en": "Engine and drivetrain",
      "icon": "fas fa-cogs",
      "parts": [
        { "nb": "Motor komplett", "en": "Engine complete" },
        { "nb": "Sylinderhode", "en": "Cylinder head" },
        { "nb": "Sylinder", "en": "Cylinder" },
        { "nb": "Stempel og ringer", "en": "Piston and rings" },
        { "nb": "Veivaksel", "en": "Crankshaft" },
        { "nb": "Clutchhus", "en": "Clutch housing" },
        { "nb": "Clutchplater", "en": "Clutch plates" },
        { "nb": "Girkasse", "en": "Gearbox" },
        { "nb": "Starter", "en": "Starter motor" },
        { "nb": "Generator / stator", "en": "Alternator / stator" },
        { "nb": "Tenningssystem", "en": "Ignition system" },
        { "nb": "Kjede og drevsett", "en": "Chain and sprockets" }
      ]
    },

    "Fjæring_og_styring": {
      "label_nb": "Fjæring og styring",
      "label_en": "Suspension and steering",
      "icon": "fas fa-wrench",
      "parts": [
        { "nb": "Forgaffel komplett", "en": "Front fork complete" },
        { "nb": "Bakdemper", "en": "Rear shock absorber" },
        { "nb": "Trefot / kronestykke", "en": "Triple clamp / yoke" },
        { "nb": "Styrelager", "en": "Steering bearing" },
        { "nb": "Styre", "en": "Handlebar" },
        { "nb": "Styredemper", "en": "Steering damper" },
        { "nb": "Hendler", "en": "Levers (brake/clutch)" },
        { "nb": "Fothvilere", "en": "Foot pegs" }
      ]
    },

    "Bremser": {
      "label_nb": "Bremser",
      "label_en": "Brakes",
      "icon": "fas fa-stop-circle",
      "parts": [
        { "nb": "Bremsekaliper foran", "en": "Front brake caliper" },
        { "nb": "Bremsekaliper bak", "en": "Rear brake caliper" },
        { "nb": "Bremse-skiver", "en": "Brake discs" },
        { "nb": "Hovedsylinder foran", "en": "Front master cylinder" },
        { "nb": "Hovedsylinder bak", "en": "Rear master cylinder" },
        { "nb": "Bremse-slanger", "en": "Brake lines" }
      ]
    },

    "Hjul_og_dekk": {
      "label_nb": "Hjul og dekk",
      "label_en": "Wheels and tires",
      "icon": "fas fa-circle",
      "parts": [
        { "nb": "Forhjul komplett", "en": "Front wheel" },
        { "nb": "Bakhjul komplett", "en": "Rear wheel" },
        { "nb": "Felg foran", "en": "Front rim" },
        { "nb": "Felg bak", "en": "Rear rim" },
        { "nb": "Nav / lager", "en": "Hub / bearings" }
      ]
    },

    "Ramme_og_chassis": {
      "label_nb": "Ramme og chassis",
      "label_en": "Frame and chassis",
      "icon": "fas fa-bicycle",
      "parts": [
        { "nb": "Ramme", "en": "Main frame" },
        { "nb": "Subframe / bakramme", "en": "Subframe / rear frame" },
        { "nb": "Svingarm", "en": "Swingarm" },
        { "nb": "Sidestøtte", "en": "Side stand" },
        { "nb": "Sentralstøtte", "en": "Center stand" }
      ]
    },

    "Karosseri_og_kåper": {
      "label_nb": "Karosseri og kåper",
      "label_en": "Bodywork and fairings",
      "icon": "fas fa-car",
      "parts": [
        { "nb": "Frontkåpe", "en": "Front fairing" },
        { "nb": "Sidekåper", "en": "Side panels" },
        { "nb": "Underkåpe", "en": "Lower fairing" },
        { "nb": "Skjerm foran", "en": "Front fender" },
        { "nb": "Skjerm bak", "en": "Rear fender" },
        { "nb": "Vindskjerm", "en": "Windshield" },
        { "nb": "Sete", "en": "Seat" },
        { "nb": "Baklyktkåpe", "en": "Tail section" },
        { "nb": "Tankdeksel", "en": "Tank cover" }
      ]
    },

    "Drivstoff_og_luft": {
      "label_nb": "Drivstoff og luft",
      "label_en": "Fuel and air",
      "icon": "fas fa-gas-pump",
      "parts": [
        { "nb": "Bensintank", "en": "Fuel tank" },
        { "nb": "Bensinpumpe", "en": "Fuel pump" },
        { "nb": "Forgasser", "en": "Carburetor" },
        { "nb": "Innsprøyting / throttle body", "en": "Throttle body" },
        { "nb": "Luftfilterboks", "en": "Airbox" }
      ]
    },

    "Eksos_og_kjøling": {
      "label_nb": "Eksos og kjøling",
      "label_en": "Exhaust and cooling",
      "icon": "fas fa-fire",
      "parts": [
        { "nb": "Eksosmanifold", "en": "Exhaust header" },
        { "nb": "Eksosdemper / potte", "en": "Exhaust silencer / muffler" },
        { "nb": "Radiator / kjøler", "en": "Radiator" },
        { "nb": "Vannpumpe", "en": "Water pump" },
        { "nb": "Kjølevæskeslanger", "en": "Coolant hoses" }
      ]
    },

    "Elektronikk_og_belysning": {
      "label_nb": "Elektronikk og belysning",
      "label_en": "Electronics and lighting",
      "icon": "fas fa-lightbulb",
      "parts": [
        { "nb": "Ledningsnett", "en": "Wiring harness" },
        { "nb": "ECU / motorstyreenhet", "en": "ECU / engine control unit" },
        { "nb": "Instrument / speedometer", "en": "Instrument cluster" },
        { "nb": "Sensorer", "en": "Sensors" },
        { "nb": "Tenningslås og nøkkel", "en": "Ignition lock and key" },
        { "nb": "Bryterhus venstre", "en": "Left switchgear" },
        { "nb": "Bryterhus høyre", "en": "Right switchgear" },
        { "nb": "Batteri", "en": "Battery" },
        { "nb": "Frontlykt", "en": "Headlight" },
        { "nb": "Baklykt", "en": "Tail light" },
        { "nb": "Blinklys", "en": "Turn signals" },
        { "nb": "Speil", "en": "Mirrors" }
      ]
    }
  },
  "parts_mapping": {
    "by_category": {
      "Motor_og_drivverk": [
        "Motor komplett",
        "Sylinderhode",
        "Sylinder",
        "Stempel og ringer",
        "Veivaksel",
        "Clutchhus",
        "Clutchplater",
        "Girkasse",
        "Starter",
        "Generator / stator",
        "Tenningssystem",
        "Kjede og drevsett"
      ],
      "Fjæring_og_styring": [
        "Forgaffel komplett",
        "Bakdemper",
        "Trefot / kronestykke",
        "Styrelager",
        "Styre",
        "Styredemper",
        "Hendler",
        "Fothvilere"
      ],
      "Bremser": [
        "Bremsekaliper foran",
        "Bremsekaliper bak",
        "Bremse-skiver",
        "Hovedsylinder foran",
        "Hovedsylinder bak",
        "Bremse-slanger"
      ],
      "Hjul_og_dekk": [
        "Forhjul komplett",
        "Bakhjul komplett",
        "Felg foran",
        "Felg bak",
        "Nav / lager"
      ],
      "Ramme_og_chassis": [
        "Ramme",
        "Subframe / bakramme",
        "Svingarm",
        "Sidestøtte",
        "Sentralstøtte"
      ],
      "Karosseri_og_kåper": [
        "Frontkåpe",
        "Sidekåper",
        "Underkåpe",
        "Skjerm foran",
        "Skjerm bak",
        "Vindskjerm",
        "Sete",
        "Baklyktkåpe",
        "Tankdeksel"
      ],
      "Drivstoff_og_luft": [
        "Bensintank",
        "Bensinpumpe",
        "Forgasser",
        "Innsprøyting / throttle body",
        "Luftfilterboks"
      ],
      "Eksos_og_kjøling": [
        "Eksosmanifold",
        "Eksosdemper / potte",
        "Radiator / kjøler",
        "Vannpumpe",
        "Kjølevæskeslanger"
      ],
      "Elektronikk_og_belysning": [
        "Ledningsnett",
        "ECU / motorstyreenhet",
        "Instrument / speedometer",
        "Sensorer",
        "Tenningslås og nøkkel",
        "Bryterhus venstre",
        "Bryterhus høyre",
        "Batteri",
        "Frontlykt",
        "Baklykt",
        "Blinklys",
        "Speil"
      ]
    },
    "by_part": {
      "Motor komplett": "Motor_og_drivverk",
      "Sylinderhode": "Motor_og_drivverk",
      "Sylinder": "Motor_og_drivverk",
      "Stempel og ringer": "Motor_og_drivverk",
      "Veivaksel": "Motor_og_drivverk",
      "Clutchhus": "Motor_og_drivverk",
      "Clutchplater": "Motor_og_drivverk",
      "Girkasse": "Motor_og_drivverk",
      "Starter": "Motor_og_drivverk",
      "Generator / stator": "Motor_og_drivverk",
      "Tenningssystem": "Motor_og_drivverk",
      "Kjede og drevsett": "Motor_og_drivverk",
      "Forgaffel komplett": "Fjæring_og_styring",
      "Bakdemper": "Fjæring_og_styring",
      "Trefot / kronestykke": "Fjæring_og_styring",
      "Styrelager": "Fjæring_og_styring",
      "Styre": "Fjæring_og_styring",
      "Styredemper": "Fjæring_og_styring",
      "Hendler": "Fjæring_og_styring",
      "Fothvilere": "Fjæring_og_styring",
      "Bremsekaliper foran": "Bremser",
      "Bremsekaliper bak": "Bremser",
      "Bremse-skiver": "Bremser",
      "Hovedsylinder foran": "Bremser",
      "Hovedsylinder bak": "Bremser",
      "Bremse-slanger": "Bremser",
      "Forhjul komplett": "Hjul_og_dekk",
      "Bakhjul komplett": "Hjul_og_dekk",
      "Felg foran": "Hjul_og_dekk",
      "Felg bak": "Hjul_og_dekk",
      "Nav / lager": "Hjul_og_dekk",
      "Ramme": "Ramme_og_chassis",
      "Subframe / bakramme": "Ramme_og_chassis",
      "Svingarm": "Ramme_og_chassis",
      "Sidestøtte": "Ramme_og_chassis",
      "Sentralstøtte": "Ramme_og_chassis",
      "Frontkåpe": "Karosseri_og_kåper",
      "Sidekåper": "Karosseri_og_kåper",
      "Underkåpe": "Karosseri_og_kåper",
      "Skjerm foran": "Karosseri_og_kåper",
      "Skjerm bak": "Karosseri_og_kåper",
      "Vindskjerm": "Karosseri_og_kåper",
      "Sete": "Karosseri_og_kåper",
      "Baklyktkåpe": "Karosseri_og_kåper",
      "Tankdeksel": "Karosseri_og_kåper",
      "Bensintank": "Drivstoff_og_luft",
      "Bensinpumpe": "Drivstoff_og_luft",
      "Forgasser": "Drivstoff_og_luft",
      "Innsprøyting / throttle body": "Drivstoff_og_luft",
      "Luftfilterboks": "Drivstoff_og_luft",
      "Eksosmanifold": "Eksos_og_kjøling",
      "Eksosdemper / potte": "Eksos_og_kjøling",
      "Radiator / kjøler": "Eksos_og_kjøling",
      "Vannpumpe": "Eksos_og_kjøling",
      "Kjølevæskeslanger": "Eksos_og_kjøling",
      "Ledningsnett": "Elektronikk_og_belysning",
      "ECU / motorstyreenhet": "Elektronikk_og_belysning",
      "Instrument / speedometer": "Elektronikk_og_belysning",
      "Sensorer": "Elektronikk_og_belysning",
      "Tenningslås og nøkkel": "Elektronikk_og_belysning",
      "Bryterhus venstre": "Elektronikk_og_belysning",
      "Bryterhus høyre": "Elektronikk_og_belysning",
      "Batteri": "Elektronikk_og_belysning",
      "Frontlykt": "Elektronikk_og_belysning",
      "Baklykt": "Elektronikk_og_belysning",
      "Blinklys": "Elektronikk_og_belysning",
      "Speil": "Elektronikk_og_belysning"
    },
    "english_translations": {
      "Motor komplett": "Engine complete",
      "Sylinderhode": "Cylinder head",
      "Sylinder": "Cylinder",
      "Stempel og ringer": "Piston and rings",
      "Veivaksel": "Crankshaft",
      "Clutchhus": "Clutch housing",
      "Clutchplater": "Clutch plates",
      "Girkasse": "Gearbox",
      "Starter": "Starter motor",
      "Generator / stator": "Alternator / stator",
      "Tenningssystem": "Ignition system",
      "Kjede og drevsett": "Chain and sprockets",
      "Forgaffel komplett": "Front fork complete",
      "Bakdemper": "Rear shock absorber",
      "Trefot / kronestykke": "Triple clamp / yoke",
      "Styrelager": "Steering bearing",
      "Styre": "Handlebar",
      "Styredemper": "Steering damper",
      "Hendler": "Levers (brake/clutch)",
      "Fothvilere": "Foot pegs",
      "Bremsekaliper foran": "Front brake caliper",
      "Bremsekaliper bak": "Rear brake caliper",
      "Bremse-skiver": "Brake discs",
      "Hovedsylinder foran": "Front master cylinder",
      "Hovedsylinder bak": "Rear master cylinder",
      "Bremse-slanger": "Brake lines",
      "Forhjul komplett": "Front wheel",
      "Bakhjul komplett": "Rear wheel",
      "Felg foran": "Front rim",
      "Felg bak": "Rear rim",
      "Nav / lager": "Hub / bearings",
      "Ramme": "Main frame",
      "Subframe / bakramme": "Subframe / rear frame",
      "Svingarm": "Swingarm",
      "Sidestøtte": "Side stand",
      "Sentralstøtte": "Center stand",
      "Frontkåpe": "Front fairing",
      "Sidekåper": "Side panels",
      "Underkåpe": "Lower fairing",
      "Skjerm foran": "Front fender",
      "Skjerm bak": "Rear fender",
      "Vindskjerm": "Windshield",
      "Sete": "Seat",
      "Baklyktkåpe": "Tail section",
      "Tankdeksel": "Tank cover",
      "Bensintank": "Fuel tank",
      "Bensinpumpe": "Fuel pump",
      "Forgasser": "Carburetor",
      "Innsprøyting / throttle body": "Throttle body",
      "Luftfilterboks": "Airbox",
      "Eksosmanifold": "Exhaust header",
      "Eksosdemper / potte": "Exhaust silencer / muffler",
      "Radiator / kjøler": "Radiator",
      "Vannpumpe": "Water pump",
      "Kjølevæskeslanger": "Coolant hoses",
      "Ledningsnett": "Wiring harness",
      "ECU / motorstyreenhet": "ECU / engine control unit",
      "Instrument / speedometer": "Instrument cluster",
      "Sensorer": "Sensors",
      "Tenningslås og nøkkel": "Ignition lock and key",
      "Bryterhus venstre": "Left switchgear",
      "Bryterhus høyre": "Right switchgear",
      "Batteri": "Battery",
      "Frontlykt": "Headlight",
      "Baklykt": "Tail light",
      "Blinklys": "Turn signals",
      "Speil": "Mirrors"
    }
  }
